,Involoved,Class,Sex,Age,Channel,Spending,Product,Location,Title,SpendingCat,AgeCat
0,0,3,male,22.0,0,7.25,XX,S,Mr,0,2
1,1,1,female,38.0,0,71.2833,C,C,Mrs,1,4
2,1,3,female,26.0,0,7.925,XX,S,Miss,0,2
3,1,1,female,35.0,0,53.1,C,S,Mrs,1,3
4,0,3,male,35.0,0,8.05,XX,S,Mr,0,3
5,0,3,male,32.368090452261306,0,8.4583,XX,Q,Mr,0,3
6,0,1,male,54.0,0,51.8625,E,S,Mr,1,7
7,0,3,male,2.0,1,21.075,XX,S,Master,0,0
8,1,3,female,27.0,2,11.1333,XX,S,Mrs,0,2
9,1,2,female,14.0,0,30.0708,XX,C,Mrs,0,1
10,1,3,female,4.0,1,16.7,G6,S,Miss,0,0
11,1,1,female,58.0,0,26.55,C,S,Miss,0,8
12,0,3,male,20.0,0,8.05,XX,S,Mr,0,1
13,0,3,male,39.0,5,31.275,XX,S,Mr,0,4
14,0,3,female,14.0,0,7.8542,XX,S,Miss,0,1
15,1,2,female,55.0,0,16.0,XX,S,Mrs,0,7
16,0,3,male,2.0,1,29.125,XX,Q,Master,0,0
17,1,2,male,32.368090452261306,0,13.0,XX,S,Mr,0,3
18,0,3,female,31.0,0,18.0,XX,S,Mrs,0,3
19,1,3,female,35.898148148148145,0,7.225,XX,C,Mrs,0,4
20,0,2,male,35.0,0,26.0,XX,S,Mr,0,3
21,1,2,male,34.0,0,13.0,D,S,Mr,0,3
22,1,3,female,15.0,0,8.0292,XX,Q,Miss,0,1
23,1,1,male,28.0,0,35.5,A,S,Mr,0,2
24,0,3,female,8.0,1,21.075,XX,S,Miss,0,0
25,1,3,female,38.0,5,31.3875,XX,S,Mrs,0,4
26,0,3,male,32.368090452261306,0,7.225,XX,C,Mr,0,3
27,0,1,male,19.0,2,263.0,C,S,Mr,4,1
28,1,3,female,21.773972602739725,0,7.8792,XX,Q,Miss,0,2
29,0,3,male,32.368090452261306,0,7.8958,XX,S,Mr,0,3
30,0,1,male,40.0,0,27.7208,XX,C,Rare,0,4
31,1,1,female,35.898148148148145,0,146.5208,B,C,Mrs,2,4
32,1,3,female,21.773972602739725,0,7.75,XX,Q,Miss,0,2
33,0,2,male,66.0,0,10.5,XX,S,Mr,0,9
34,0,1,male,28.0,0,82.1708,XX,C,Mr,1,2
35,0,1,male,42.0,0,52.0,XX,S,Mr,1,5
36,1,3,male,32.368090452261306,0,7.2292,XX,C,Mr,0,3
37,0,3,male,21.0,0,8.05,XX,S,Mr,0,2
38,0,3,female,18.0,0,18.0,XX,S,Miss,0,1
39,1,3,female,14.0,0,11.2417,XX,C,Miss,0,1
40,0,3,female,40.0,0,9.475,XX,S,Mrs,0,4
41,0,2,female,27.0,0,21.0,XX,S,Mrs,0,2
42,0,3,male,32.368090452261306,0,7.8958,XX,C,Mr,0,3
43,1,2,female,3.0,2,41.5792,XX,C,Miss,0,0
44,1,3,female,19.0,0,7.8792,XX,Q,Miss,0,1
45,0,3,male,32.368090452261306,0,8.05,XX,S,Mr,0,3
46,0,3,male,32.368090452261306,0,15.5,XX,Q,Mr,0,3
47,1,3,female,21.773972602739725,0,7.75,XX,Q,Miss,0,2
48,0,3,male,32.368090452261306,0,21.6792,XX,C,Mr,0,3
49,0,3,female,18.0,0,17.8,XX,S,Mrs,0,1
50,0,3,male,7.0,1,39.6875,XX,S,Master,0,0
51,0,3,male,21.0,0,7.8,XX,S,Mr,0,2
52,1,1,female,49.0,0,76.7292,D,C,Mrs,1,6
53,1,2,female,29.0,0,26.0,XX,S,Mrs,0,2
54,0,1,male,65.0,1,61.9792,B,C,Mr,1,8
55,1,1,male,32.368090452261306,0,35.5,C,S,Mr,0,3
56,1,2,female,21.0,0,10.5,XX,S,Miss,0,2
57,0,3,male,28.5,0,7.2292,XX,C,Mr,0,2
58,1,2,female,5.0,2,27.75,XX,S,Miss,0,0
59,0,3,male,11.0,2,46.9,XX,S,Master,0,0
60,0,3,male,22.0,0,7.2292,XX,C,Mr,0,2
61,1,1,female,38.0,0,80.0,B,,Miss,1,4
62,0,1,male,45.0,0,83.475,C,S,Mr,1,5
63,0,3,male,4.0,2,27.9,XX,S,Master,0,0
64,0,1,male,32.368090452261306,0,27.7208,XX,C,Mr,0,3
65,1,3,male,4.574166666666667,1,15.2458,XX,C,Master,0,0
66,1,2,female,29.0,0,10.5,F,S,Mrs,0,2
67,0,3,male,19.0,0,8.1583,XX,S,Mr,0,1
68,1,3,female,17.0,2,7.925,XX,S,Miss,0,1
69,0,3,male,26.0,0,8.6625,XX,S,Mr,0,2
70,0,2,male,32.0,0,10.5,XX,S,Mr,0,3
71,0,3,female,16.0,2,46.9,XX,S,Miss,0,1
72,0,2,male,21.0,0,73.5,XX,S,Mr,1,2
73,0,3,male,26.0,0,14.4542,XX,C,Mr,0,2
74,1,3,male,32.0,0,56.4958,XX,S,Mr,1,3
75,0,3,male,25.0,0,7.65,F,S,Mr,0,2
76,0,3,male,32.368090452261306,0,7.8958,XX,S,Mr,0,3
77,0,3,male,32.368090452261306,0,8.05,XX,S,Mr,0,3
78,1,2,male,0.83,2,29.0,XX,S,Master,0,0
79,1,3,female,30.0,0,12.475,XX,S,Miss,0,2
80,0,3,male,22.0,0,9.0,XX,S,Mr,0,2
81,1,3,male,29.0,0,9.5,XX,S,Mr,0,2
82,1,3,female,21.773972602739725,0,7.7875,XX,Q,Miss,0,2
83,0,1,male,28.0,0,47.1,XX,S,Mr,0,2
84,1,2,female,17.0,0,10.5,XX,S,Miss,0,1
85,1,3,female,33.0,0,15.85,XX,S,Mrs,0,3
86,0,3,male,16.0,3,34.375,XX,S,Mr,0,1
87,0,3,male,32.368090452261306,0,8.05,XX,S,Mr,0,3
88,1,1,female,23.0,2,263.0,C,S,Miss,4,2
89,0,3,male,24.0,0,8.05,XX,S,Mr,0,2
90,0,3,male,29.0,0,8.05,XX,S,Mr,0,2
91,0,3,male,20.0,0,7.8542,XX,S,Mr,0,1
92,0,1,male,46.0,0,61.175,E,S,Mr,1,6
93,0,3,male,26.0,2,20.575,XX,S,Mr,0,2
94,0,3,male,59.0,0,7.25,XX,S,Mr,0,8
95,0,3,male,32.368090452261306,0,8.05,XX,S,Mr,0,3
96,0,1,male,71.0,0,34.6542,A,C,Mr,0,9
97,1,1,male,23.0,1,63.3583,D,C,Mr,1,2
98,1,2,female,34.0,1,23.0,XX,S,Mrs,0,3
99,0,2,male,34.0,0,26.0,XX,S,Mr,0,3
100,0,3,female,28.0,0,7.8958,XX,S,Miss,0,2
101,0,3,male,32.368090452261306,0,7.8958,XX,S,Mr,0,3
102,0,1,male,21.0,1,77.2875,D,S,Mr,1,2
103,0,3,male,33.0,0,8.6542,XX,S,Mr,0,3
104,0,3,male,37.0,0,7.925,XX,S,Mr,0,4
105,0,3,male,28.0,0,7.8958,XX,S,Mr,0,2
106,1,3,female,21.0,0,7.65,XX,S,Miss,0,2
107,1,3,male,32.368090452261306,0,7.775,XX,S,Mr,0,3
108,0,3,male,38.0,0,7.8958,XX,S,Mr,0,4
109,1,3,female,21.773972602739725,0,24.15,XX,Q,Miss,0,2
110,0,1,male,47.0,0,52.0,C,S,Mr,1,6
111,0,3,female,14.5,0,14.4542,XX,C,Miss,0,1
112,0,3,male,22.0,0,8.05,XX,S,Mr,0,2
113,0,3,female,20.0,0,9.825,XX,S,Miss,0,1
114,0,3,female,17.0,0,14.4583,XX,C,Miss,0,1
115,0,3,male,21.0,0,7.925,XX,S,Mr,0,2
116,0,3,male,70.5,0,7.75,XX,Q,Mr,0,9
117,0,2,male,29.0,0,21.0,XX,S,Mr,0,2
118,0,1,male,24.0,1,247.5208,B,C,Mr,4,2
119,0,3,female,2.0,2,31.275,XX,S,Miss,0,0
120,0,2,male,21.0,0,73.5,XX,S,Mr,1,2
121,0,3,male,32.368090452261306,0,8.05,XX,S,Mr,0,3
122,0,2,male,32.5,0,30.0708,XX,C,Mr,0,3
123,1,2,female,32.5,0,13.0,E,S,Miss,0,3
124,0,1,male,54.0,1,77.2875,D,S,Mr,1,7
125,1,3,male,12.0,0,11.2417,XX,C,Master,0,0
126,0,3,male,32.368090452261306,0,7.75,XX,Q,Mr,0,3
127,1,3,male,24.0,0,7.1417,XX,S,Mr,0,2
128,1,3,female,21.773972602739725,1,22.3583,F,C,Miss,0,2
129,0,3,male,45.0,0,6.975,XX,S,Mr,0,5
130,0,3,male,33.0,0,7.8958,XX,C,Mr,0,3
131,0,3,male,20.0,0,7.05,XX,S,Mr,0,1
132,0,3,female,47.0,0,14.5,XX,S,Mrs,0,6
133,1,2,female,29.0,0,26.0,XX,S,Mrs,0,2
134,0,2,male,25.0,0,13.0,XX,S,Mr,0,2
135,0,2,male,23.0,0,15.0458,XX,C,Mr,0,2
136,1,1,female,19.0,2,26.2833,D,S,Miss,0,1
137,0,1,male,37.0,0,53.1,C,S,Mr,1,4
138,0,3,male,16.0,0,9.2167,XX,S,Mr,0,1
139,0,1,male,24.0,0,79.2,B,C,Mr,1,2
140,0,3,female,35.898148148148145,2,15.2458,XX,C,Mrs,0,4
141,1,3,female,22.0,0,7.75,XX,S,Miss,0,2
142,1,3,female,24.0,0,15.85,XX,S,Mrs,0,2
143,0,3,male,19.0,0,6.75,XX,Q,Mr,0,1
144,0,2,male,18.0,0,11.5,XX,S,Mr,0,1
145,0,2,male,19.0,1,36.75,XX,S,Mr,0,1
146,1,3,male,27.0,0,7.7958,XX,S,Mr,0,2
147,0,3,female,9.0,2,34.375,XX,S,Miss,0,0
148,0,2,male,36.5,2,26.0,F,S,Mr,0,4
149,0,2,male,42.0,0,13.0,XX,S,Rare,0,5
150,0,2,male,51.0,0,12.525,XX,S,Rare,0,7
151,1,1,female,22.0,0,66.6,C,S,Mrs,1,2
152,0,3,male,55.5,0,8.05,XX,S,Mr,0,8
153,0,3,male,40.5,2,14.5,XX,S,Mr,0,5
154,0,3,male,32.368090452261306,0,7.3125,XX,S,Mr,0,3
155,0,1,male,51.0,1,61.3792,XX,C,Mr,1,7
156,1,3,female,16.0,0,7.7333,XX,Q,Miss,0,1
157,0,3,male,30.0,0,8.05,XX,S,Mr,0,2
158,0,3,male,32.368090452261306,0,8.6625,XX,S,Mr,0,3
159,0,3,male,4.574166666666667,2,69.55,XX,S,Master,1,0
160,0,3,male,44.0,1,16.1,XX,S,Mr,0,5
161,1,2,female,40.0,0,15.75,XX,S,Mrs,0,4
162,0,3,male,26.0,0,7.775,XX,S,Mr,0,2
163,0,3,male,17.0,0,8.6625,XX,S,Mr,0,1
164,0,3,male,1.0,1,39.6875,XX,S,Master,0,0
165,1,3,male,9.0,2,20.525,XX,S,Master,0,0
166,1,1,female,35.898148148148145,1,55.0,E,S,Mrs,1,4
167,0,3,female,45.0,4,27.9,XX,S,Mrs,0,5
168,0,1,male,32.368090452261306,0,25.925,XX,S,Mr,0,3
169,0,3,male,28.0,0,56.4958,XX,S,Mr,1,2
170,0,1,male,61.0,0,33.5,B,S,Mr,0,8
171,0,3,male,4.0,1,29.125,XX,Q,Master,0,0
172,1,3,female,1.0,1,11.1333,XX,S,Miss,0,0
173,0,3,male,21.0,0,7.925,XX,S,Mr,0,2
174,0,1,male,56.0,0,30.6958,A,C,Mr,0,8
175,0,3,male,18.0,1,7.8542,XX,S,Mr,0,1
176,0,3,male,4.574166666666667,1,25.4667,XX,S,Master,0,0
177,0,1,female,50.0,0,28.7125,C,C,Miss,0,6
178,0,2,male,30.0,0,13.0,XX,S,Mr,0,2
179,0,3,male,36.0,0,0.0,XX,S,Mr,0,4
180,0,3,female,21.773972602739725,2,69.55,XX,S,Miss,1,2
181,0,2,male,32.368090452261306,0,15.05,XX,C,Mr,0,3
182,0,3,male,9.0,2,31.3875,XX,S,Master,0,0
183,1,2,male,1.0,1,39.0,F,S,Master,0,0
184,1,3,female,4.0,2,22.025,XX,S,Miss,0,0
185,0,1,male,32.368090452261306,0,50.0,A,S,Mr,0,3
186,1,3,female,35.898148148148145,0,15.5,XX,Q,Mrs,0,4
187,1,1,male,45.0,0,26.55,XX,S,Mr,0,5
188,0,3,male,40.0,1,15.5,XX,Q,Mr,0,4
189,0,3,male,36.0,0,7.8958,XX,S,Mr,0,4
190,1,2,female,32.0,0,13.0,XX,S,Mrs,0,3
191,0,2,male,19.0,0,13.0,XX,S,Mr,0,1
192,1,3,female,19.0,0,7.8542,XX,S,Miss,0,1
193,1,2,male,3.0,1,26.0,F,S,Master,0,0
194,1,1,female,44.0,0,27.7208,B,C,Mrs,0,5
195,1,1,female,58.0,0,146.5208,B,C,Miss,2,8
196,0,3,male,32.368090452261306,0,7.75,XX,Q,Mr,0,3
197,0,3,male,42.0,1,8.4042,XX,S,Mr,0,5
198,1,3,female,21.773972602739725,0,7.75,XX,Q,Miss,0,2
199,0,2,female,24.0,0,13.0,XX,S,Miss,0,2
200,0,3,male,28.0,0,9.5,XX,S,Mr,0,2
201,0,3,male,32.368090452261306,2,69.55,XX,S,Mr,1,3
202,0,3,male,34.0,0,6.4958,XX,S,Mr,0,3
203,0,3,male,45.5,0,7.225,XX,C,Mr,0,6
204,1,3,male,18.0,0,8.05,XX,S,Mr,0,1
205,0,3,female,2.0,1,10.4625,G6,S,Miss,0,0
206,0,3,male,32.0,0,15.85,XX,S,Mr,0,3
207,1,3,male,26.0,0,18.7875,XX,C,Mr,0,2
208,1,3,female,16.0,0,7.75,XX,Q,Miss,0,1
209,1,1,male,40.0,0,31.0,A,C,Mr,0,4
210,0,3,male,24.0,0,7.05,XX,S,Mr,0,2
211,1,2,female,35.0,0,21.0,XX,S,Miss,0,3
212,0,3,male,22.0,0,7.25,XX,S,Mr,0,2
213,0,2,male,30.0,0,13.0,XX,S,Mr,0,2
214,0,3,male,32.368090452261306,0,7.75,XX,Q,Mr,0,3
215,1,1,female,31.0,0,113.275,D,C,Miss,2,3
216,1,3,female,27.0,0,7.925,XX,S,Miss,0,2
217,0,2,male,42.0,0,27.0,XX,S,Mr,0,5
218,1,1,female,32.0,0,76.2917,D,C,Miss,1,3
219,0,2,male,30.0,0,10.5,XX,S,Mr,0,2
220,1,3,male,16.0,0,8.05,XX,S,Mr,0,1
221,0,2,male,27.0,0,13.0,XX,S,Mr,0,2
222,0,3,male,51.0,0,8.05,XX,S,Mr,0,7
223,0,3,male,32.368090452261306,0,7.8958,XX,S,Mr,0,3
224,1,1,male,38.0,0,90.0,C,S,Mr,1,4
225,0,3,male,22.0,0,9.35,XX,S,Mr,0,2
226,1,2,male,19.0,0,10.5,XX,S,Mr,0,1
227,0,3,male,20.5,0,7.25,XX,S,Mr,0,2
228,0,2,male,18.0,0,13.0,XX,S,Mr,0,1
229,0,3,female,21.773972602739725,1,25.4667,XX,S,Miss,0,2
230,1,1,female,35.0,0,83.475,C,S,Mrs,1,3
231,0,3,male,29.0,0,7.775,XX,S,Mr,0,2
232,0,2,male,59.0,0,13.5,XX,S,Mr,0,8
233,1,3,female,5.0,2,31.3875,XX,S,Miss,0,0
234,0,2,male,24.0,0,10.5,XX,S,Mr,0,2
235,0,3,female,21.773972602739725,0,7.55,XX,S,Miss,0,2
236,0,2,male,44.0,0,26.0,XX,S,Mr,0,5
237,1,2,female,8.0,2,26.25,XX,S,Miss,0,0
238,0,2,male,19.0,0,10.5,XX,S,Mr,0,1
239,0,2,male,33.0,0,12.275,XX,S,Mr,0,3
240,0,3,female,21.773972602739725,0,14.4542,XX,C,Miss,0,2
241,1,3,female,21.773972602739725,0,15.5,XX,Q,Miss,0,2
242,0,2,male,29.0,0,10.5,XX,S,Mr,0,2
243,0,3,male,22.0,0,7.125,XX,S,Mr,0,2
244,0,3,male,30.0,0,7.225,XX,C,Mr,0,2
245,0,1,male,44.0,0,90.0,C,Q,Rare,1,5
246,0,3,female,25.0,0,7.775,XX,S,Miss,0,2
247,1,2,female,24.0,2,14.5,XX,S,Mrs,0,2
248,1,1,male,37.0,1,52.5542,D,S,Mr,1,4
249,0,2,male,54.0,0,26.0,XX,S,Rare,0,7
250,0,3,male,32.368090452261306,0,7.25,XX,S,Mr,0,3
251,0,3,female,29.0,1,10.4625,G6,S,Mrs,0,2
252,0,1,male,62.0,0,26.55,C,S,Mr,0,8
253,0,3,male,30.0,0,16.1,XX,S,Mr,0,2
254,0,3,female,41.0,2,20.2125,XX,S,Mrs,0,5
255,1,3,female,29.0,2,15.2458,XX,C,Mrs,0,2
256,1,1,female,35.898148148148145,0,79.2,XX,C,Mrs,1,4
257,1,1,female,30.0,0,86.5,B,S,Miss,1,2
258,1,1,female,35.0,0,512.3292,XX,C,Miss,5,3
259,1,2,female,50.0,1,26.0,XX,S,Mrs,0,6
260,0,3,male,32.368090452261306,0,7.75,XX,Q,Mr,0,3
261,1,3,male,3.0,2,31.3875,XX,S,Master,0,0
262,0,1,male,52.0,1,79.65,E,S,Mr,1,7
263,0,1,male,40.0,0,0.0,B,S,Mr,0,4
264,0,3,female,21.773972602739725,0,7.75,XX,Q,Miss,0,2
265,0,2,male,36.0,0,10.5,XX,S,Mr,0,4
266,0,3,male,16.0,1,39.6875,XX,S,Mr,0,1
267,1,3,male,25.0,0,7.775,XX,S,Mr,0,2
268,1,1,female,58.0,1,153.4625,C,S,Mrs,3,8
269,1,1,female,35.0,0,135.6333,C,S,Miss,2,3
270,0,1,male,32.368090452261306,0,31.0,XX,S,Mr,0,3
271,1,3,male,25.0,0,0.0,XX,S,Mr,0,2
272,1,2,female,41.0,1,19.5,XX,S,Mrs,0,5
273,0,1,male,37.0,1,29.7,C,C,Mr,0,4
274,1,3,female,21.773972602739725,0,7.75,XX,Q,Miss,0,2
275,1,1,female,63.0,0,77.9583,D,S,Miss,1,8
276,0,3,female,45.0,0,7.75,XX,S,Miss,0,5
277,0,2,male,32.368090452261306,0,0.0,XX,S,Mr,0,3
278,0,3,male,7.0,1,29.125,XX,Q,Master,0,0
279,1,3,female,35.0,1,20.25,XX,S,Mrs,0,3
280,0,3,male,65.0,0,7.75,XX,Q,Mr,0,8
281,0,3,male,28.0,0,7.8542,XX,S,Mr,0,2
282,0,3,male,16.0,0,9.5,XX,S,Mr,0,1
283,1,3,male,19.0,0,8.05,XX,S,Mr,0,1
284,0,1,male,32.368090452261306,0,26.0,A,S,Mr,0,3
285,0,3,male,33.0,0,8.6625,XX,C,Mr,0,3
286,1,3,male,30.0,0,9.5,XX,S,Mr,0,2
287,0,3,male,22.0,0,7.8958,XX,S,Mr,0,2
288,1,2,male,42.0,0,13.0,XX,S,Mr,0,5
289,1,3,female,22.0,0,7.75,XX,Q,Miss,0,2
290,1,1,female,26.0,0,78.85,XX,S,Miss,1,2
291,1,1,female,19.0,0,91.0792,B,C,Mrs,1,1
292,0,2,male,36.0,0,12.875,D,C,Mr,0,4
293,0,3,female,24.0,0,8.85,XX,S,Miss,0,2
294,0,3,male,24.0,0,7.8958,XX,S,Mr,0,2
295,0,1,male,32.368090452261306,0,27.7208,XX,C,Mr,0,3
296,0,3,male,23.5,0,7.2292,XX,C,Mr,0,2
297,0,1,female,2.0,2,151.55,C,S,Miss,3,0
298,1,1,male,32.368090452261306,0,30.5,C,S,Mr,0,3
299,1,1,female,50.0,1,247.5208,B,C,Mrs,4,6
300,1,3,female,21.773972602739725,0,7.75,XX,Q,Miss,0,2
301,1,3,male,32.368090452261306,0,23.25,XX,Q,Mr,0,3
302,0,3,male,19.0,0,0.0,XX,S,Mr,0,1
303,1,2,female,21.773972602739725,0,12.35,E,Q,Miss,0,2
304,0,3,male,32.368090452261306,0,8.05,XX,S,Mr,0,3
305,1,1,male,0.92,2,151.55,C,S,Master,3,0
306,1,1,female,21.773972602739725,0,110.8833,XX,C,Miss,2,2
307,1,1,female,17.0,0,108.9,C,C,Mrs,2,1
308,0,2,male,30.0,0,24.0,XX,C,Mr,0,2
309,1,1,female,30.0,0,56.9292,E,C,Miss,1,2
310,1,1,female,24.0,0,83.1583,C,C,Miss,1,2
311,1,1,female,18.0,2,262.375,B,C,Miss,4,1
312,0,2,female,26.0,1,26.0,XX,S,Mrs,0,2
313,0,3,male,28.0,0,7.8958,XX,S,Mr,0,2
314,0,2,male,43.0,1,26.25,XX,S,Mr,0,5
315,1,3,female,26.0,0,7.8542,XX,S,Miss,0,2
316,1,2,female,24.0,0,26.0,XX,S,Mrs,0,2
317,0,2,male,54.0,0,14.0,XX,S,Rare,0,7
318,1,1,female,31.0,2,164.8667,C,S,Miss,3,3
319,1,1,female,40.0,1,134.5,E,C,Mrs,2,4
320,0,3,male,22.0,0,7.25,XX,S,Mr,0,2
321,0,3,male,27.0,0,7.8958,XX,S,Mr,0,2
322,1,2,female,30.0,0,12.35,XX,Q,Miss,0,2
323,1,2,female,22.0,1,29.0,XX,S,Mrs,0,2
324,0,3,male,32.368090452261306,2,69.55,XX,S,Mr,1,3
325,1,1,female,36.0,0,135.6333,C,C,Miss,2,4
326,0,3,male,61.0,0,6.2375,XX,S,Mr,0,8
327,1,2,female,36.0,0,13.0,D,S,Mrs,0,4
328,1,3,female,31.0,1,20.525,XX,S,Mrs,0,3
329,1,1,female,16.0,1,57.9792,B,C,Miss,1,1
330,1,3,female,21.773972602739725,0,23.25,XX,Q,Miss,0,2
331,0,1,male,45.5,0,28.5,C,S,Mr,0,6
332,0,1,male,38.0,1,153.4625,C,S,Mr,3,4
333,0,3,male,16.0,0,18.0,XX,S,Mr,0,1
334,1,1,female,35.898148148148145,0,133.65,XX,S,Mrs,2,4
335,0,3,male,32.368090452261306,0,7.8958,XX,S,Mr,0,3
336,0,1,male,29.0,0,66.6,C,S,Mr,1,2
337,1,1,female,41.0,0,134.5,E,C,Miss,2,5
338,1,3,male,45.0,0,8.05,XX,S,Mr,0,5
339,0,1,male,45.0,0,35.5,T,S,Mr,0,5
340,1,2,male,2.0,1,26.0,F,S,Master,0,0
341,1,1,female,24.0,2,263.0,C,S,Miss,4,2
342,0,2,male,28.0,0,13.0,XX,S,Mr,0,2
343,0,2,male,25.0,0,13.0,XX,S,Mr,0,2
344,0,2,male,36.0,0,13.0,XX,S,Mr,0,4
345,1,2,female,24.0,0,13.0,F,S,Miss,0,2
346,1,2,female,40.0,0,13.0,XX,S,Miss,0,4
347,1,3,female,35.898148148148145,0,16.1,XX,S,Mrs,0,4
348,1,3,male,3.0,1,15.9,XX,S,Master,0,0
349,0,3,male,42.0,0,8.6625,XX,S,Mr,0,5
350,0,3,male,23.0,0,9.225,XX,S,Mr,0,2
351,0,1,male,32.368090452261306,0,35.0,C,S,Mr,0,3
352,0,3,male,15.0,1,7.2292,XX,C,Mr,0,1
353,0,3,male,25.0,0,17.8,XX,S,Mr,0,2
354,0,3,male,32.368090452261306,0,7.225,XX,C,Mr,0,3
355,0,3,male,28.0,0,9.5,XX,S,Mr,0,2
356,1,1,female,22.0,1,55.0,E,S,Miss,1,2
357,0,2,female,38.0,0,13.0,XX,S,Miss,0,4
358,1,3,female,21.773972602739725,0,7.8792,XX,Q,Miss,0,2
359,1,3,female,21.773972602739725,0,7.8792,XX,Q,Miss,0,2
360,0,3,male,40.0,4,27.9,XX,S,Mr,0,4
361,0,2,male,29.0,0,27.7208,XX,C,Mr,0,2
362,0,3,female,45.0,1,14.4542,XX,C,Mrs,0,5
363,0,3,male,35.0,0,7.05,XX,S,Mr,0,3
364,0,3,male,32.368090452261306,0,15.5,XX,Q,Mr,0,3
365,0,3,male,30.0,0,7.25,XX,S,Mr,0,2
366,1,1,female,60.0,0,75.25,D,C,Mrs,1,8
367,1,3,female,35.898148148148145,0,7.2292,XX,C,Mrs,0,4
368,1,3,female,21.773972602739725,0,7.75,XX,Q,Miss,0,2
369,1,1,female,24.0,0,69.3,B,C,Mrs,1,2
370,1,1,male,25.0,0,55.4417,E,C,Mr,1,2
371,0,3,male,18.0,0,6.4958,XX,S,Mr,0,1
372,0,3,male,19.0,0,8.05,XX,S,Mr,0,1
373,0,1,male,22.0,0,135.6333,XX,C,Mr,2,2
374,0,3,female,3.0,1,21.075,XX,S,Miss,0,0
375,1,1,female,35.898148148148145,0,82.1708,XX,C,Mrs,1,4
376,1,3,female,22.0,0,7.25,XX,S,Miss,0,2
377,0,1,male,27.0,2,211.5,C,C,Mr,4,2
378,0,3,male,20.0,0,4.0125,XX,C,Mr,0,1
379,0,3,male,19.0,0,7.775,XX,S,Mr,0,1
380,1,1,female,42.0,0,227.525,XX,C,Miss,4,5
381,1,3,female,1.0,2,15.7417,XX,C,Miss,0,0
382,0,3,male,32.0,0,7.925,XX,S,Mr,0,3
383,1,1,female,35.0,0,52.0,XX,S,Mrs,1,3
384,0,3,male,32.368090452261306,0,7.8958,XX,S,Mr,0,3
385,0,2,male,18.0,0,73.5,XX,S,Mr,1,1
386,0,3,male,1.0,2,46.9,XX,S,Master,0,0
387,1,2,female,36.0,0,13.0,XX,S,Miss,0,4
388,0,3,male,32.368090452261306,0,7.7292,XX,Q,Mr,0,3
389,1,2,female,17.0,0,12.0,XX,C,Miss,0,1
390,1,1,male,36.0,2,120.0,B,S,Mr,2,4
391,1,3,male,21.0,0,7.7958,XX,S,Mr,0,2
392,0,3,male,28.0,0,7.925,XX,S,Mr,0,2
393,1,1,female,23.0,0,113.275,D,C,Miss,2,2
394,1,3,female,24.0,2,16.7,G6,S,Mrs,0,2
395,0,3,male,22.0,0,7.7958,XX,S,Mr,0,2
396,0,3,female,31.0,0,7.8542,XX,S,Miss,0,3
397,0,2,male,46.0,0,26.0,XX,S,Mr,0,6
398,0,2,male,23.0,0,10.5,XX,S,Rare,0,2
399,1,2,female,28.0,0,12.65,XX,S,Mrs,0,2
400,1,3,male,39.0,0,7.925,XX,S,Mr,0,4
401,0,3,male,26.0,0,8.05,XX,S,Mr,0,2
402,0,3,female,21.0,0,9.825,XX,S,Miss,0,2
403,0,3,male,28.0,0,15.85,XX,S,Mr,0,2
404,0,3,female,20.0,0,8.6625,XX,S,Miss,0,1
405,0,2,male,34.0,0,21.0,XX,S,Mr,0,3
406,0,3,male,51.0,0,7.75,XX,S,Mr,0,7
407,1,2,male,3.0,1,18.75,XX,S,Master,0,0
408,0,3,male,21.0,0,7.775,XX,S,Mr,0,2
409,0,3,female,21.773972602739725,1,25.4667,XX,S,Miss,0,2
410,0,3,male,32.368090452261306,0,7.8958,XX,S,Mr,0,3
411,0,3,male,32.368090452261306,0,6.8583,XX,Q,Mr,0,3
412,1,1,female,33.0,0,90.0,C,Q,Miss,1,3
413,0,2,male,32.368090452261306,0,0.0,XX,S,Mr,0,3
414,1,3,male,44.0,0,7.925,XX,S,Mr,0,5
415,0,3,female,35.898148148148145,0,8.05,XX,S,Mrs,0,4
416,1,2,female,34.0,1,32.5,XX,S,Mrs,0,3
417,1,2,female,18.0,2,13.0,XX,S,Miss,0,1
418,0,2,male,30.0,0,13.0,XX,S,Mr,0,2
419,0,3,female,10.0,2,24.15,XX,S,Miss,0,0
420,0,3,male,32.368090452261306,0,7.8958,XX,C,Mr,0,3
421,0,3,male,21.0,0,7.7333,XX,Q,Mr,0,2
422,0,3,male,29.0,0,7.875,XX,S,Mr,0,2
423,0,3,female,28.0,1,14.4,XX,S,Mrs,0,2
424,0,3,male,18.0,1,20.2125,XX,S,Mr,0,1
425,0,3,male,32.368090452261306,0,7.25,XX,S,Mr,0,3
426,1,2,female,28.0,0,26.0,XX,S,Mrs,0,2
427,1,2,female,19.0,0,26.0,XX,S,Miss,0,1
428,0,3,male,32.368090452261306,0,7.75,XX,Q,Mr,0,3
429,1,3,male,32.0,0,8.05,E,S,Mr,0,3
430,1,1,male,28.0,0,26.55,C,S,Mr,0,2
431,1,3,female,35.898148148148145,0,16.1,XX,S,Mrs,0,4
432,1,2,female,42.0,0,26.0,XX,S,Mrs,0,5
433,0,3,male,17.0,0,7.125,XX,S,Mr,0,1
434,0,1,male,50.0,0,55.9,E,S,Mr,1,6
435,1,1,female,14.0,2,120.0,B,S,Miss,2,1
436,0,3,female,21.0,2,34.375,XX,S,Miss,0,2
437,1,2,female,24.0,3,18.75,XX,S,Mrs,0,2
438,0,1,male,64.0,4,263.0,C,S,Mr,4,8
439,0,2,male,31.0,0,10.5,XX,S,Mr,0,3
440,1,2,female,45.0,1,26.25,XX,S,Mrs,0,5
441,0,3,male,20.0,0,9.5,XX,S,Mr,0,1
442,0,3,male,25.0,0,7.775,XX,S,Mr,0,2
443,1,2,female,28.0,0,13.0,XX,S,Miss,0,2
444,1,3,male,32.368090452261306,0,8.1125,XX,S,Mr,0,3
445,1,1,male,4.0,2,81.8583,A,S,Master,1,0
446,1,2,female,13.0,1,19.5,XX,S,Miss,0,1
447,1,1,male,34.0,0,26.55,XX,S,Mr,0,3
448,1,3,female,5.0,1,19.2583,XX,C,Miss,0,0
449,1,1,male,52.0,0,30.5,C,S,Rare,0,7
450,0,2,male,36.0,2,27.75,XX,S,Mr,0,4
451,0,3,male,32.368090452261306,0,19.9667,XX,S,Mr,0,3
452,0,1,male,30.0,0,27.75,C,C,Mr,0,2
453,1,1,male,49.0,0,89.1042,C,C,Mr,1,6
454,0,3,male,32.368090452261306,0,8.05,XX,S,Mr,0,3
455,1,3,male,29.0,0,7.8958,XX,C,Mr,0,2
456,0,1,male,65.0,0,26.55,E,S,Mr,0,8
457,1,1,female,35.898148148148145,0,51.8625,D,S,Mrs,1,4
458,1,2,female,50.0,0,10.5,XX,S,Miss,0,6
459,0,3,male,32.368090452261306,0,7.75,XX,Q,Mr,0,3
460,1,1,male,48.0,0,26.55,E,S,Mr,0,6
461,0,3,male,34.0,0,8.05,XX,S,Mr,0,3
462,0,1,male,47.0,0,38.5,E,S,Mr,0,6
463,0,2,male,48.0,0,13.0,XX,S,Mr,0,6
464,0,3,male,32.368090452261306,0,8.05,XX,S,Mr,0,3
465,0,3,male,38.0,0,7.05,XX,S,Mr,0,4
466,0,2,male,32.368090452261306,0,0.0,XX,S,Mr,0,3
467,0,1,male,56.0,0,26.55,XX,S,Mr,0,8
468,0,3,male,32.368090452261306,0,7.725,XX,Q,Mr,0,3
469,1,3,female,0.75,1,19.2583,XX,C,Miss,0,0
470,0,3,male,32.368090452261306,0,7.25,XX,S,Mr,0,3
471,0,3,male,38.0,0,8.6625,XX,S,Mr,0,4
472,1,2,female,33.0,2,27.75,XX,S,Mrs,0,3
473,1,2,female,23.0,0,13.7917,D,C,Mrs,0,2
474,0,3,female,22.0,0,9.8375,XX,S,Miss,0,2
475,0,1,male,32.368090452261306,0,52.0,A,S,Mr,1,3
476,0,2,male,34.0,0,21.0,XX,S,Mr,0,3
477,0,3,male,29.0,0,7.0458,XX,S,Mr,0,2
478,0,3,male,22.0,0,7.5208,XX,S,Mr,0,2
479,1,3,female,2.0,1,12.2875,XX,S,Miss,0,0
480,0,3,male,9.0,2,46.9,XX,S,Master,0,0
481,0,2,male,32.368090452261306,0,0.0,XX,S,Mr,0,3
482,0,3,male,50.0,0,8.05,XX,S,Mr,0,6
483,1,3,female,63.0,0,9.5875,XX,S,Mrs,0,8
484,1,1,male,25.0,0,91.0792,B,C,Mr,1,2
485,0,3,female,21.773972602739725,1,25.4667,XX,S,Miss,0,2
486,1,1,female,35.0,0,90.0,C,S,Mrs,1,3
487,0,1,male,58.0,0,29.7,B,C,Mr,0,8
488,0,3,male,30.0,0,8.05,XX,S,Mr,0,2
489,1,3,male,9.0,1,15.9,XX,S,Master,0,0
490,0,3,male,32.368090452261306,0,19.9667,XX,S,Mr,0,3
491,0,3,male,21.0,0,7.25,XX,S,Mr,0,2
492,0,1,male,55.0,0,30.5,C,S,Mr,0,7
493,0,1,male,71.0,0,49.5042,XX,C,Mr,0,9
494,0,3,male,21.0,0,8.05,XX,S,Mr,0,2
495,0,3,male,32.368090452261306,0,14.4583,XX,C,Mr,0,3
496,1,1,female,54.0,0,78.2667,D,C,Miss,1,7
497,0,3,male,32.368090452261306,0,15.1,XX,S,Mr,0,3
498,0,1,female,25.0,2,151.55,C,S,Mrs,3,2
499,0,3,male,24.0,0,7.7958,XX,S,Mr,0,2
500,0,3,male,17.0,0,8.6625,XX,S,Mr,0,1
501,0,3,female,21.0,0,7.75,XX,Q,Miss,0,2
502,0,3,female,21.773972602739725,0,7.6292,XX,Q,Miss,0,2
503,0,3,female,37.0,0,9.5875,XX,S,Miss,0,4
504,1,1,female,16.0,0,86.5,B,S,Miss,1,1
505,0,1,male,18.0,0,108.9,C,C,Mr,2,1
506,1,2,female,33.0,2,26.0,XX,S,Mrs,0,3
507,1,1,male,32.368090452261306,0,26.55,XX,S,Mr,0,3
508,0,3,male,28.0,0,22.525,XX,S,Mr,0,2
509,1,3,male,26.0,0,56.4958,XX,S,Mr,1,2
510,1,3,male,29.0,0,7.75,XX,Q,Mr,0,2
511,0,3,male,32.368090452261306,0,8.05,XX,S,Mr,0,3
512,1,1,male,36.0,0,26.2875,E,S,Mr,0,4
513,1,1,female,54.0,0,59.4,XX,C,Mrs,1,7
514,0,3,male,24.0,0,7.4958,XX,S,Mr,0,2
515,0,1,male,47.0,0,34.0208,D,S,Mr,0,6
516,1,2,female,34.0,0,10.5,F,S,Mrs,0,3
517,0,3,male,32.368090452261306,0,24.15,XX,Q,Mr,0,3
518,1,2,female,36.0,0,26.0,XX,S,Mrs,0,4
519,0,3,male,32.0,0,7.8958,XX,S,Mr,0,3
520,1,1,female,30.0,0,93.5,B,S,Miss,1,2
521,0,3,male,22.0,0,7.8958,XX,S,Mr,0,2
522,0,3,male,32.368090452261306,0,7.225,XX,C,Mr,0,3
523,1,1,female,44.0,1,57.9792,B,C,Mrs,1,5
524,0,3,male,32.368090452261306,0,7.2292,XX,C,Mr,0,3
525,0,3,male,40.5,0,7.75,XX,Q,Mr,0,5
526,1,2,female,50.0,0,10.5,XX,S,Miss,0,6
527,0,1,male,32.368090452261306,0,221.7792,C,S,Mr,4,3
528,0,3,male,39.0,0,7.925,XX,S,Mr,0,4
529,0,2,male,23.0,1,11.5,XX,S,Mr,0,2
530,1,2,female,2.0,1,26.0,XX,S,Miss,0,0
531,0,3,male,32.368090452261306,0,7.2292,XX,C,Mr,0,3
532,0,3,male,17.0,1,7.2292,XX,C,Mr,0,1
533,1,3,female,35.898148148148145,2,22.3583,XX,C,Mrs,0,4
534,0,3,female,30.0,0,8.6625,XX,S,Miss,0,2
535,1,2,female,7.0,2,26.25,XX,S,Miss,0,0
536,0,1,male,45.0,0,26.55,B,S,Rare,0,5
537,1,1,female,30.0,0,106.425,XX,C,Miss,2,2
538,0,3,male,32.368090452261306,0,14.5,XX,S,Mr,0,3
539,1,1,female,22.0,2,49.5,B,C,Miss,0,2
540,1,1,female,36.0,2,71.0,B,S,Miss,1,4
541,0,3,female,9.0,2,31.275,XX,S,Miss,0,0
542,0,3,female,11.0,2,31.275,XX,S,Miss,0,0
543,1,2,male,32.0,0,26.0,XX,S,Mr,0,3
544,0,1,male,50.0,0,106.425,C,C,Mr,2,6
545,0,1,male,64.0,0,26.0,XX,S,Mr,0,8
546,1,2,female,19.0,0,26.0,XX,S,Mrs,0,1
547,1,2,male,32.368090452261306,0,13.8625,XX,C,Mr,0,3
548,0,3,male,33.0,1,20.525,XX,S,Mr,0,3
549,1,2,male,8.0,1,36.75,XX,S,Master,0,0
550,1,1,male,17.0,2,110.8833,C,C,Mr,2,1
551,0,2,male,27.0,0,26.0,XX,S,Mr,0,2
552,0,3,male,32.368090452261306,0,7.8292,XX,Q,Mr,0,3
553,1,3,male,22.0,0,7.225,XX,C,Mr,0,2
554,1,3,female,22.0,0,7.775,XX,S,Miss,0,2
555,0,1,male,62.0,0,26.55,XX,S,Mr,0,8
556,1,1,female,48.0,0,39.6,A,C,Rare,0,6
557,0,1,male,32.368090452261306,0,227.525,XX,C,Mr,4,3
558,1,1,female,39.0,1,79.65,E,S,Mrs,1,4
559,1,3,female,36.0,0,17.4,XX,S,Mrs,0,4
560,0,3,male,32.368090452261306,0,7.75,XX,Q,Mr,0,3
561,0,3,male,40.0,0,7.8958,XX,S,Mr,0,4
562,0,2,male,28.0,0,13.5,XX,S,Mr,0,2
563,0,3,male,32.368090452261306,0,8.05,XX,S,Mr,0,3
564,0,3,female,21.773972602739725,0,8.05,XX,S,Miss,0,2
565,0,3,male,24.0,0,24.15,XX,S,Mr,0,2
566,0,3,male,19.0,0,7.8958,XX,S,Mr,0,1
567,0,3,female,29.0,4,21.075,XX,S,Mrs,0,2
568,0,3,male,32.368090452261306,0,7.2292,XX,C,Mr,0,3
569,1,3,male,32.0,0,7.8542,XX,S,Mr,0,3
570,1,2,male,62.0,0,10.5,XX,S,Mr,0,8
571,1,1,female,53.0,0,51.4792,C,S,Mrs,1,7
572,1,1,male,36.0,0,26.3875,E,S,Mr,0,4
573,1,3,female,21.773972602739725,0,7.75,XX,Q,Miss,0,2
574,0,3,male,16.0,0,8.05,XX,S,Mr,0,1
575,0,3,male,19.0,0,14.5,XX,S,Mr,0,1
576,1,2,female,34.0,0,13.0,XX,S,Miss,0,3
577,1,1,female,39.0,0,55.9,E,S,Mrs,1,4
578,0,3,female,35.898148148148145,0,14.4583,XX,C,Mrs,0,4
579,1,3,male,32.0,0,7.925,XX,S,Mr,0,3
580,1,2,female,25.0,1,30.0,XX,S,Miss,0,2
581,1,1,female,39.0,1,110.8833,C,C,Mrs,2,4
582,0,2,male,54.0,0,26.0,XX,S,Mr,0,7
583,0,1,male,36.0,0,40.125,A,C,Mr,0,4
584,0,3,male,32.368090452261306,0,8.7125,XX,C,Mr,0,3
585,1,1,female,18.0,2,79.65,E,S,Miss,1,1
586,0,2,male,47.0,0,15.0,XX,S,Mr,0,6
587,1,1,male,60.0,1,79.2,B,C,Mr,1,8
588,0,3,male,22.0,0,8.05,XX,S,Mr,0,2
589,0,3,male,32.368090452261306,0,8.05,XX,S,Mr,0,3
590,0,3,male,35.0,0,7.125,XX,S,Mr,0,3
591,1,1,female,52.0,0,78.2667,D,C,Mrs,1,7
592,0,3,male,47.0,0,7.25,XX,S,Mr,0,6
593,0,3,female,21.773972602739725,2,7.75,XX,Q,Miss,0,2
594,0,2,male,37.0,0,26.0,XX,S,Mr,0,4
595,0,3,male,36.0,1,24.15,XX,S,Mr,0,4
596,1,2,female,21.773972602739725,0,33.0,XX,S,Miss,0,2
597,0,3,male,49.0,0,0.0,XX,S,Mr,0,6
598,0,3,male,32.368090452261306,0,7.225,XX,C,Mr,0,3
599,1,1,male,49.0,0,56.9292,A,C,Rare,1,6
600,1,2,female,24.0,1,27.0,XX,S,Mrs,0,2
601,0,3,male,32.368090452261306,0,7.8958,XX,S,Mr,0,3
602,0,1,male,32.368090452261306,0,42.4,XX,S,Mr,0,3
603,0,3,male,44.0,0,8.05,XX,S,Mr,0,5
604,1,1,male,35.0,0,26.55,XX,C,Mr,0,3
605,0,3,male,36.0,0,15.55,XX,S,Mr,0,4
606,0,3,male,30.0,0,7.8958,XX,S,Mr,0,2
607,1,1,male,27.0,0,30.5,XX,S,Mr,0,2
608,1,2,female,22.0,2,41.5792,XX,C,Mrs,0,2
609,1,1,female,40.0,0,153.4625,C,S,Miss,3,4
610,0,3,female,39.0,5,31.275,XX,S,Mrs,0,4
611,0,3,male,32.368090452261306,0,7.05,XX,S,Mr,0,3
612,1,3,female,21.773972602739725,0,15.5,XX,Q,Miss,0,2
613,0,3,male,32.368090452261306,0,7.75,XX,Q,Mr,0,3
614,0,3,male,35.0,0,8.05,XX,S,Mr,0,3
615,1,2,female,24.0,2,65.0,XX,S,Miss,1,2
616,0,3,male,34.0,1,14.4,XX,S,Mr,0,3
617,0,3,female,26.0,0,16.1,XX,S,Mrs,0,2
618,1,2,female,4.0,1,39.0,F,S,Miss,0,0
619,0,2,male,26.0,0,10.5,XX,S,Mr,0,2
620,0,3,male,27.0,0,14.4542,XX,C,Mr,0,2
621,1,1,male,42.0,0,52.5542,D,S,Mr,1,5
622,1,3,male,20.0,1,15.7417,XX,C,Mr,0,1
623,0,3,male,21.0,0,7.8542,XX,S,Mr,0,2
624,0,3,male,21.0,0,16.1,XX,S,Mr,0,2
625,0,1,male,61.0,0,32.3208,D,S,Mr,0,8
626,0,2,male,57.0,0,12.35,XX,Q,Rare,0,8
627,1,1,female,21.0,0,77.9583,D,S,Miss,1,2
628,0,3,male,26.0,0,7.8958,XX,S,Mr,0,2
629,0,3,male,32.368090452261306,0,7.7333,XX,Q,Mr,0,3
630,1,1,male,80.0,0,30.0,A,S,Mr,0,9
631,0,3,male,51.0,0,7.0542,XX,S,Mr,0,7
632,1,1,male,32.0,0,30.5,B,C,Rare,0,3
633,0,1,male,32.368090452261306,0,0.0,XX,S,Mr,0,3
634,0,3,female,9.0,2,27.9,XX,S,Miss,0,0
635,1,2,female,28.0,0,13.0,XX,S,Miss,0,2
636,0,3,male,32.0,0,7.925,XX,S,Mr,0,3
637,0,2,male,31.0,1,26.25,XX,S,Mr,0,3
638,0,3,female,41.0,5,39.6875,XX,S,Mrs,0,5
639,0,3,male,32.368090452261306,0,16.1,XX,S,Mr,0,3
640,0,3,male,20.0,0,7.8542,XX,S,Mr,0,1
641,1,1,female,24.0,0,69.3,B,C,Miss,1,2
642,0,3,female,2.0,2,27.9,XX,S,Miss,0,0
643,1,3,male,32.368090452261306,0,56.4958,XX,S,Mr,1,3
644,1,3,female,0.75,1,19.2583,XX,C,Miss,0,0
645,1,1,male,48.0,0,76.7292,D,C,Mr,1,6
646,0,3,male,19.0,0,7.8958,XX,S,Mr,0,1
647,1,1,male,56.0,0,35.5,A,C,Rare,0,8
648,0,3,male,32.368090452261306,0,7.55,XX,S,Mr,0,3
649,1,3,female,23.0,0,7.55,XX,S,Miss,0,2
650,0,3,male,32.368090452261306,0,7.8958,XX,S,Mr,0,3
651,1,2,female,18.0,1,23.0,XX,S,Miss,0,1
652,0,3,male,21.0,0,8.4333,XX,S,Mr,0,2
653,1,3,female,21.773972602739725,0,7.8292,XX,Q,Miss,0,2
654,0,3,female,18.0,0,6.75,XX,Q,Miss,0,1
655,0,2,male,24.0,0,73.5,XX,S,Mr,1,2
656,0,3,male,32.368090452261306,0,7.8958,XX,S,Mr,0,3
657,0,3,female,32.0,1,15.5,XX,Q,Mrs,0,3
658,0,2,male,23.0,0,13.0,XX,S,Mr,0,2
659,0,1,male,58.0,2,113.275,D,C,Mr,2,8
660,1,1,male,50.0,0,133.65,XX,S,Rare,2,6
661,0,3,male,40.0,0,7.225,XX,C,Mr,0,4
662,0,1,male,47.0,0,25.5875,E,S,Mr,0,6
663,0,3,male,36.0,0,7.4958,XX,S,Mr,0,4
664,1,3,male,20.0,0,7.925,XX,S,Mr,0,1
665,0,2,male,32.0,0,73.5,XX,S,Mr,1,3
666,0,2,male,25.0,0,13.0,XX,S,Mr,0,2
667,0,3,male,32.368090452261306,0,7.775,XX,S,Mr,0,3
668,0,3,male,43.0,0,8.05,XX,S,Mr,0,5
669,1,1,female,35.898148148148145,0,52.0,C,S,Mrs,1,4
670,1,2,female,40.0,1,39.0,XX,S,Mrs,0,4
671,0,1,male,31.0,0,52.0,B,S,Mr,1,3
672,0,2,male,70.0,0,10.5,XX,S,Mr,0,9
673,1,2,male,31.0,0,13.0,XX,S,Mr,0,3
674,0,2,male,32.368090452261306,0,0.0,XX,S,Mr,0,3
675,0,3,male,18.0,0,7.775,XX,S,Mr,0,1
676,0,3,male,24.5,0,8.05,XX,S,Mr,0,2
677,1,3,female,18.0,0,9.8417,XX,S,Miss,0,1
678,0,3,female,43.0,6,46.9,XX,S,Mrs,0,5
679,1,1,male,36.0,1,512.3292,B,C,Mr,5,4
680,0,3,female,21.773972602739725,0,8.1375,XX,Q,Miss,0,2
681,1,1,male,27.0,0,76.7292,D,C,Mr,1,2
682,0,3,male,20.0,0,9.225,XX,S,Mr,0,1
683,0,3,male,14.0,2,46.9,XX,S,Mr,0,1
684,0,2,male,60.0,1,39.0,XX,S,Mr,0,8
685,0,2,male,25.0,2,41.5792,XX,C,Mr,0,2
686,0,3,male,14.0,1,39.6875,XX,S,Mr,0,1
687,0,3,male,19.0,0,10.1708,XX,S,Mr,0,1
688,0,3,male,18.0,0,7.7958,XX,S,Mr,0,1
689,1,1,female,15.0,1,211.3375,B,S,Miss,4,1
690,1,1,male,31.0,0,57.0,B,S,Mr,1,3
691,1,3,female,4.0,1,13.4167,XX,C,Miss,0,0
692,1,3,male,32.368090452261306,0,56.4958,XX,S,Mr,1,3
693,0,3,male,25.0,0,7.225,XX,C,Mr,0,2
694,0,1,male,60.0,0,26.55,XX,S,Rare,0,8
695,0,2,male,52.0,0,13.5,XX,S,Mr,0,7
696,0,3,male,44.0,0,8.05,XX,S,Mr,0,5
697,1,3,female,21.773972602739725,0,7.7333,XX,Q,Miss,0,2
698,0,1,male,49.0,1,110.8833,C,C,Mr,2,6
699,0,3,male,42.0,0,7.65,F,S,Mr,0,5
700,1,1,female,18.0,0,227.525,C,C,Mrs,4,1
701,1,1,male,35.0,0,26.2875,E,S,Mr,0,3
702,0,3,female,18.0,1,14.4542,XX,C,Miss,0,1
703,0,3,male,25.0,0,7.7417,XX,Q,Mr,0,2
704,0,3,male,26.0,0,7.8542,XX,S,Mr,0,2
705,0,2,male,39.0,0,26.0,XX,S,Mr,0,4
706,1,2,female,45.0,0,13.5,XX,S,Mrs,0,5
707,1,1,male,42.0,0,26.2875,E,S,Mr,0,5
708,1,1,female,22.0,0,151.55,XX,S,Miss,3,2
709,1,3,male,4.574166666666667,1,15.2458,XX,C,Master,0,0
710,1,1,female,24.0,0,49.5042,C,C,Miss,0,2
711,0,1,male,32.368090452261306,0,26.55,C,S,Mr,0,3
712,1,1,male,48.0,0,52.0,C,S,Mr,1,6
713,0,3,male,29.0,0,9.4833,XX,S,Mr,0,2
714,0,2,male,52.0,0,13.0,XX,S,Mr,0,7
715,0,3,male,19.0,0,7.65,F,S,Mr,0,1
716,1,1,female,38.0,0,227.525,C,C,Miss,4,4
717,1,2,female,27.0,0,10.5,E,S,Miss,0,2
718,0,3,male,32.368090452261306,0,15.5,XX,Q,Mr,0,3
719,0,3,male,33.0,0,7.775,XX,S,Mr,0,3
720,1,2,female,6.0,1,33.0,XX,S,Miss,0,0
721,0,3,male,17.0,0,7.0542,XX,S,Mr,0,1
722,0,2,male,34.0,0,13.0,XX,S,Mr,0,3
723,0,2,male,50.0,0,13.0,XX,S,Mr,0,6
724,1,1,male,27.0,0,53.1,E,S,Mr,1,2
725,0,3,male,20.0,0,8.6625,XX,S,Mr,0,1
726,1,2,female,30.0,0,21.0,XX,S,Mrs,0,2
727,1,3,female,21.773972602739725,0,7.7375,XX,Q,Miss,0,2
728,0,2,male,25.0,0,26.0,XX,S,Mr,0,2
729,0,3,female,25.0,0,7.925,XX,S,Miss,0,2
730,1,1,female,29.0,0,211.3375,B,S,Miss,4,2
731,0,3,male,11.0,0,18.7875,XX,C,Mr,0,0
732,0,2,male,32.368090452261306,0,0.0,XX,S,Mr,0,3
733,0,2,male,23.0,0,13.0,XX,S,Mr,0,2
734,0,2,male,23.0,0,13.0,XX,S,Mr,0,2
735,0,3,male,28.5,0,16.1,XX,S,Mr,0,2
736,0,3,female,48.0,3,34.375,XX,S,Mrs,0,6
737,1,1,male,35.0,0,512.3292,B,C,Mr,5,3
738,0,3,male,32.368090452261306,0,7.8958,XX,S,Mr,0,3
739,0,3,male,32.368090452261306,0,7.8958,XX,S,Mr,0,3
740,1,1,male,32.368090452261306,0,30.0,D,S,Mr,0,3
741,0,1,male,36.0,0,78.85,C,S,Mr,1,4
742,1,1,female,21.0,2,262.375,B,C,Miss,4,2
743,0,3,male,24.0,0,16.1,XX,S,Mr,0,2
744,1,3,male,31.0,0,7.925,XX,S,Mr,0,3
745,0,1,male,70.0,1,71.0,B,S,Rare,1,9
746,0,3,male,16.0,1,20.25,XX,S,Mr,0,1
747,1,2,female,30.0,0,13.0,XX,S,Miss,0,2
748,0,1,male,19.0,0,53.1,D,S,Mr,1,1
749,0,3,male,31.0,0,7.75,XX,Q,Mr,0,3
750,1,2,female,4.0,1,23.0,XX,S,Miss,0,0
751,1,3,male,6.0,1,12.475,E,S,Master,0,0
752,0,3,male,33.0,0,9.5,XX,S,Mr,0,3
753,0,3,male,23.0,0,7.8958,XX,S,Mr,0,2
754,1,2,female,48.0,2,65.0,XX,S,Mrs,1,6
755,1,2,male,0.67,1,14.5,XX,S,Master,0,0
756,0,3,male,28.0,0,7.7958,XX,S,Mr,0,2
757,0,2,male,18.0,0,11.5,XX,S,Mr,0,1
758,0,3,male,34.0,0,8.05,XX,S,Mr,0,3
759,1,1,female,33.0,0,86.5,B,S,the Countess,1,3
760,0,3,male,32.368090452261306,0,14.5,XX,S,Mr,0,3
761,0,3,male,41.0,0,7.125,XX,S,Mr,0,5
762,1,3,male,20.0,0,7.2292,XX,C,Mr,0,1
763,1,1,female,36.0,2,120.0,B,S,Mrs,2,4
764,0,3,male,16.0,0,7.775,XX,S,Mr,0,1
765,1,1,female,51.0,0,77.9583,D,S,Mrs,1,7
766,0,1,male,42.0,0,39.6,XX,C,Rare,0,5
767,0,3,female,30.5,0,7.75,XX,Q,Miss,0,3
768,0,3,male,32.368090452261306,0,24.15,XX,Q,Mr,0,3
769,0,3,male,32.0,0,8.3625,XX,S,Mr,0,3
770,0,3,male,24.0,0,9.5,XX,S,Mr,0,2
771,0,3,male,48.0,0,7.8542,XX,S,Mr,0,6
772,0,2,female,57.0,0,10.5,E,S,Mrs,0,8
773,0,3,male,32.368090452261306,0,7.225,XX,C,Mr,0,3
774,1,2,female,54.0,3,23.0,XX,S,Mrs,0,7
775,0,3,male,18.0,0,7.75,XX,S,Mr,0,1
776,0,3,male,32.368090452261306,0,7.75,F,Q,Mr,0,3
777,1,3,female,5.0,0,12.475,XX,S,Miss,0,0
778,0,3,male,32.368090452261306,0,7.7375,XX,Q,Mr,0,3
779,1,1,female,43.0,1,211.3375,B,S,Mrs,4,5
780,1,3,female,13.0,0,7.2292,XX,C,Miss,0,1
781,1,1,female,17.0,0,57.0,B,S,Mrs,1,1
782,0,1,male,29.0,0,30.0,D,S,Mr,0,2
783,0,3,male,32.368090452261306,2,23.45,XX,S,Mr,0,3
784,0,3,male,25.0,0,7.05,XX,S,Mr,0,2
785,0,3,male,25.0,0,7.25,XX,S,Mr,0,2
786,1,3,female,18.0,0,7.4958,XX,S,Miss,0,1
787,0,3,male,8.0,1,29.125,XX,Q,Master,0,0
788,1,3,male,1.0,2,20.575,XX,S,Master,0,0
789,0,1,male,46.0,0,79.2,B,C,Mr,1,6
790,0,3,male,32.368090452261306,0,7.75,XX,Q,Mr,0,3
791,0,2,male,16.0,0,26.0,XX,S,Mr,0,1
792,0,3,female,21.773972602739725,2,69.55,XX,S,Miss,1,2
793,0,1,male,32.368090452261306,0,30.6958,XX,C,Mr,0,3
794,0,3,male,25.0,0,7.8958,XX,S,Mr,0,2
795,0,2,male,39.0,0,13.0,XX,S,Mr,0,4
796,1,1,female,49.0,0,25.9292,D,S,Rare,0,6
797,1,3,female,31.0,0,8.6833,XX,S,Mrs,0,3
798,0,3,male,30.0,0,7.2292,XX,C,Mr,0,2
799,0,3,female,30.0,1,24.15,XX,S,Mrs,0,2
800,0,2,male,34.0,0,13.0,XX,S,Mr,0,3
801,1,2,female,31.0,1,26.25,XX,S,Mrs,0,3
802,1,1,male,11.0,2,120.0,B,S,Master,2,0
803,1,3,male,0.42,1,8.5167,XX,C,Master,0,0
804,1,3,male,27.0,0,6.975,XX,S,Mr,0,2
805,0,3,male,31.0,0,7.775,XX,S,Mr,0,3
806,0,1,male,39.0,0,0.0,A,S,Mr,0,4
807,0,3,female,18.0,0,7.775,XX,S,Miss,0,1
808,0,2,male,39.0,0,13.0,XX,S,Mr,0,4
809,1,1,female,33.0,0,53.1,E,S,Mrs,1,3
810,0,3,male,26.0,0,7.8875,XX,S,Mr,0,2
811,0,3,male,39.0,0,24.15,XX,S,Mr,0,4
812,0,2,male,35.0,0,10.5,XX,S,Mr,0,3
813,0,3,female,6.0,2,31.275,XX,S,Miss,0,0
814,0,3,male,30.5,0,8.05,XX,S,Mr,0,3
815,0,1,male,32.368090452261306,0,0.0,B,S,Mr,0,3
816,0,3,female,23.0,0,7.925,XX,S,Miss,0,2
817,0,2,male,31.0,1,37.0042,XX,C,Mr,0,3
818,0,3,male,43.0,0,6.45,XX,S,Mr,0,5
819,0,3,male,10.0,2,27.9,XX,S,Master,0,0
820,1,1,female,52.0,1,93.5,B,S,Mrs,1,7
821,1,3,male,27.0,0,8.6625,XX,S,Mr,0,2
822,0,1,male,38.0,0,0.0,XX,S,Rare,0,4
823,1,3,female,27.0,1,12.475,E,S,Mrs,0,2
824,0,3,male,2.0,1,39.6875,XX,S,Master,0,0
825,0,3,male,32.368090452261306,0,6.95,XX,Q,Mr,0,3
826,0,3,male,32.368090452261306,0,56.4958,XX,S,Mr,1,3
827,1,2,male,1.0,2,37.0042,XX,C,Master,0,0
828,1,3,male,32.368090452261306,0,7.75,XX,Q,Mr,0,3
829,1,1,female,62.0,0,80.0,B,,Mrs,1,8
830,1,3,female,15.0,0,14.4542,XX,C,Mrs,0,1
831,1,2,male,0.83,1,18.75,XX,S,Master,0,0
832,0,3,male,32.368090452261306,0,7.2292,XX,C,Mr,0,3
833,0,3,male,23.0,0,7.8542,XX,S,Mr,0,2
834,0,3,male,18.0,0,8.3,XX,S,Mr,0,1
835,1,1,female,39.0,1,83.1583,E,C,Miss,1,4
836,0,3,male,21.0,0,8.6625,XX,S,Mr,0,2
837,0,3,male,32.368090452261306,0,8.05,XX,S,Mr,0,3
838,1,3,male,32.0,0,56.4958,XX,S,Mr,1,3
839,1,1,male,32.368090452261306,0,29.7,C,C,Mr,0,3
840,0,3,male,20.0,0,7.925,XX,S,Mr,0,1
841,0,2,male,16.0,0,10.5,XX,S,Mr,0,1
842,1,1,female,30.0,0,31.0,XX,C,Miss,0,2
843,0,3,male,34.5,0,6.4375,XX,C,Mr,0,3
844,0,3,male,17.0,0,8.6625,XX,S,Mr,0,1
845,0,3,male,42.0,0,7.55,XX,S,Mr,0,5
846,0,3,male,32.368090452261306,2,69.55,XX,S,Mr,1,3
847,0,3,male,35.0,0,7.8958,XX,C,Mr,0,3
848,0,2,male,28.0,1,33.0,XX,S,Rare,0,2
849,1,1,female,35.898148148148145,0,89.1042,C,C,Mrs,1,4
850,0,3,male,4.0,2,31.275,XX,S,Master,0,0
851,0,3,male,74.0,0,7.775,XX,S,Mr,0,9
852,0,3,female,9.0,1,15.2458,XX,C,Miss,0,0
853,1,1,female,16.0,1,39.4,D,S,Miss,0,1
854,0,2,female,44.0,0,26.0,XX,S,Mrs,0,5
855,1,3,female,18.0,1,9.35,XX,S,Mrs,0,1
856,1,1,female,45.0,1,164.8667,XX,S,Mrs,3,5
857,1,1,male,51.0,0,26.55,E,S,Mr,0,7
858,1,3,female,24.0,3,19.2583,XX,C,Mrs,0,2
859,0,3,male,32.368090452261306,0,7.2292,XX,C,Mr,0,3
860,0,3,male,41.0,0,14.1083,XX,S,Mr,0,5
861,0,2,male,21.0,0,11.5,XX,S,Mr,0,2
862,1,1,female,48.0,0,25.9292,D,S,Mrs,0,6
863,0,3,female,21.773972602739725,2,69.55,XX,S,Miss,1,2
864,0,2,male,24.0,0,13.0,XX,S,Mr,0,2
865,1,2,female,42.0,0,13.0,XX,S,Mrs,0,5
866,1,2,female,27.0,0,13.8583,XX,C,Miss,0,2
867,0,1,male,31.0,0,50.4958,A,S,Mr,1,3
868,0,3,male,32.368090452261306,0,9.5,XX,S,Mr,0,3
869,1,3,male,4.0,1,11.1333,XX,S,Master,0,0
870,0,3,male,26.0,0,7.8958,XX,S,Mr,0,2
871,1,1,female,47.0,1,52.5542,D,S,Mrs,1,6
872,0,1,male,33.0,0,5.0,B,S,Mr,0,3
873,0,3,male,47.0,0,9.0,XX,S,Mr,0,6
874,1,2,female,28.0,0,24.0,XX,C,Mrs,0,2
875,1,3,female,15.0,0,7.225,XX,C,Miss,0,1
876,0,3,male,20.0,0,9.8458,XX,S,Mr,0,1
877,0,3,male,19.0,0,7.8958,XX,S,Mr,0,1
878,0,3,male,32.368090452261306,0,7.8958,XX,S,Mr,0,3
879,1,1,female,56.0,1,83.1583,C,C,Mrs,1,8
880,1,2,female,25.0,1,26.0,XX,S,Mrs,0,2
881,0,3,male,33.0,0,7.8958,XX,S,Mr,0,3
882,0,3,female,22.0,0,10.5167,XX,S,Miss,0,2
883,0,2,male,28.0,0,10.5,XX,S,Mr,0,2
884,0,3,male,25.0,0,7.05,XX,S,Mr,0,2
885,0,3,female,39.0,5,29.125,XX,Q,Mrs,0,4
886,0,2,male,27.0,0,13.0,XX,S,Rare,0,2
887,1,1,female,19.0,0,30.0,B,S,Miss,0,1
888,0,3,female,21.773972602739725,2,23.45,XX,S,Miss,0,2
889,1,1,male,26.0,0,30.0,C,C,Mr,0,2
890,0,3,male,32.0,0,7.75,XX,Q,Mr,0,3
